timestamp,step,prompt_type,question_id,question,prompt,response,notes,correctness_0_5,completeness_0_5,clarity_0_5
2025-12-09T04:52:44,1,basic,1,What is endurance training and why is it important for athletes?,"You are a helpful AI answering questions about sports.

Context:
This document explains basic ideas in sports performance. 
It discusses the difference between endurance training and strength training, 
how athletes try to prevent injuries, and why nutrition and hydration matter.
It also covers recovery methods such as rest, stretching, and ice baths,
explains how overtraining can hurt performance, and highlights the role of
teamwork and communication in team sports like soccer and basketball.

Question 1: What is endurance training and why is it important for athletes?
Answer in a short paragraph.
","Endurance training refers to exercises that challenge an athlete's ability to sustain effort over a prolonged period, typically at or below their maximum intensity. This type of training is essential for athletes because it helps improve cardiovascular fitness, increase stamina, and enhance overall physical endurance. By engaging in endurance activities such as distance running, cycling, swimming, or high-intensity interval training (HIIT), athletes can build up their tolerance to fatigue, allowing them to perform at a higher level over longer periods of time. This is particularly important for team sports like soccer and basketball, where sustained effort over 90 minutes or more is necessary to maintain performance levels. By incorporating endurance training into their fitness routine, athletes can improve their physical and mental resilience, reducing the risk of injury and enabling them to perform at their best over extended periods.

","Excellent answer: accurate, complete, and very clear.",4.9,4.6,5
2025-12-09T04:53:05,1,basic,2,How do athletes reduce the risk of injuries during training and games?,"You are a helpful AI answering questions about sports.

Context:
This document explains basic ideas in sports performance. 
It discusses the difference between endurance training and strength training, 
how athletes try to prevent injuries, and why nutrition and hydration matter.
It also covers recovery methods such as rest, stretching, and ice baths,
explains how overtraining can hurt performance, and highlights the role of
teamwork and communication in team sports like soccer and basketball.

Question 2: How do athletes reduce the risk of injuries during training and games?
Answer in a short paragraph.
","Athletes take various measures to reduce the risk of injury during training and games. One key strategy is to incorporate specific injury-prevention exercises into their training programs, such as calf raises for ankle stability or lunges for hip mobility. Additionally, they may engage in dynamic stretching before exercise and use proprioceptive exercises to improve flexibility and balance. To further minimize the risk of injury, many athletes also work with sports-specific coaches who can identify areas of vulnerability and develop targeted prevention plans. Furthermore, athletes often monitor their bodies closely during training and games, taking regular breaks to rest and recover when needed.

",Good overall answer with minor issues.,5,4.2,4.5
2025-12-09T04:53:23,1,basic,3,Why is nutrition important for athletes? Explain in simple words.,"You are a helpful AI answering questions about sports.

Context:
This document explains basic ideas in sports performance. 
It discusses the difference between endurance training and strength training, 
how athletes try to prevent injuries, and why nutrition and hydration matter.
It also covers recovery methods such as rest, stretching, and ice baths,
explains how overtraining can hurt performance, and highlights the role of
teamwork and communication in team sports like soccer and basketball.

Question 3: Why is nutrition important for athletes? Explain in simple words.
Answer in a short paragraph.
","Nutrition is crucial for athletes because it provides the energy they need to perform at their best. Just like cars need gasoline, athletes need food to run on. The right fuel helps them power through exercises and games, while a poor diet can lead to fatigue, dizziness, and decreased performance. By choosing the right foods, such as complex carbohydrates, lean proteins, and healthy fats, athletes can optimize their energy levels and improve their overall well-being.

","Excellent answer: accurate, complete, and very clear.",4.9,4.9,5
2025-12-09T04:53:46,1,basic,4,How does teamwork and communication improve performance in team sports?,"You are a helpful AI answering questions about sports.

Context:
This document explains basic ideas in sports performance. 
It discusses the difference between endurance training and strength training, 
how athletes try to prevent injuries, and why nutrition and hydration matter.
It also covers recovery methods such as rest, stretching, and ice baths,
explains how overtraining can hurt performance, and highlights the role of
teamwork and communication in team sports like soccer and basketball.

Question 4: How does teamwork and communication improve performance in team sports?
Answer in a short paragraph.
","Teamwork and communication play a crucial role in improving performance in team sports. When athletes work together towards a common goal, they can pool their individual strengths to execute complex movements, anticipate opponents' actions, and make quick decisions on the field or court. Effective communication among teammates helps to coordinate efforts, share information about the game plan, and respond quickly to changing situations. This synergy leads to better teamwork, increased cohesion, and enhanced overall performance. By fostering a positive team dynamic, athletes can develop the skills, trust, and reliance they need to succeed on the field or court, ultimately improving their chances of winning and achieving individual goals.

","Excellent answer: accurate, complete, and very clear.",4.5,5,5
2025-12-09T04:54:13,1,basic,5,What are some common recovery methods athletes use after intense workouts?,"You are a helpful AI answering questions about sports.

Context:
This document explains basic ideas in sports performance. 
It discusses the difference between endurance training and strength training, 
how athletes try to prevent injuries, and why nutrition and hydration matter.
It also covers recovery methods such as rest, stretching, and ice baths,
explains how overtraining can hurt performance, and highlights the role of
teamwork and communication in team sports like soccer and basketball.

Question 5: What are some common recovery methods athletes use after intense workouts?
Answer in a short paragraph.
","After intense workouts, many athletes rely on various recovery methods to help their bodies repair and adapt. One popular method is rest, where they give their muscles time to recover from the physical demands of exercise. Stretching also plays a crucial role, helping to lengthen and flex muscles, tendons, and ligaments, reducing muscle soreness and improving flexibility. Ice baths are another common recovery technique, which involves immersing the body in cold water to reduce inflammation and promote healing. Additionally, some athletes use compression garments or foam rollers to aid in blood flow and aid in the removal of waste products from the muscles. Furthermore, proper hydration is essential for replenishing energy stores, removing waste products, and maintaining healthy skin and joints.

","Excellent answer: accurate, complete, and very clear.",4.8,5,5
2025-12-09T04:56:25,2,structured,1,Describe endurance training and strength training.,"
You are an assistant summarizing sports training methods.

Context:
This document explains basic ideas in sports performance. 
It discusses the difference between endurance training and strength training, 
how athletes try to prevent injuries, and why nutrition and hydration matter.
It also covers recovery methods such as rest, stretching, and ice baths,
explains how overtraining can hurt performance, and highlights the role of
teamwork and communication in team sports like soccer and basketball.

Task:
Describe endurance training and strength training in a TABLE with three columns:
1) Training Type
2) Main Goal
3) Example Exercises

Return the table in plain text (Markdown style).
","Here is the table summarizing endurance training and strength training:

| **Training Type** | **Main Goal** | **Example Exercises** |
| --- | --- | --- |
| Endurance Training | Improve Cardiovascular Capacity | Running, Cycling, Swimming, High-Intensity Interval Training (HIIT) |
| Strength Training | Increase Muscular Endurance | Squats, Deadlifts, Bench Press, Pull-Ups, Lunges |

Note: These are just examples and not exhaustive lists. Both endurance training and strength training have many variations and applications across different sports and age groups.

",Good overall answer with minor issues.,3.7,4.3,3.6
2025-12-09T04:57:29,2,structured,2,How athletes prevent injuries.,"
You are an assistant listing safety tips for athletes.

Context:
This document explains basic ideas in sports performance. 
It discusses the difference between endurance training and strength training, 
how athletes try to prevent injuries, and why nutrition and hydration matter.
It also covers recovery methods such as rest, stretching, and ice baths,
explains how overtraining can hurt performance, and highlights the role of
teamwork and communication in team sports like soccer and basketball.

Task:
List 5 bullet points that explain how athletes can prevent injuries 
before and after games.
","Here are five safety tips for athletes to help prevent injuries before and after games:

• **Proper Warm-up**: Before every game, athlete should perform a dynamic warm-up consisting of light cardio exercises, stretching, and mobilization of joints. This helps prepare muscles for physical activity and reduces the risk of muscle strains and overuse injuries.

• **Gradual Progression**: Athletes should gradually increase their training intensity and volume over time to allow muscles and tendons to adapt and strengthen without excessive wear and tear. Prolonged periods of high-intensity exercise can lead to muscle micro-tears, making them more susceptible to injury.

• **Incorporate Injury Prevention Exercises**: Incorporate exercises that target specific injury-prone areas, such as squats, lunges, and leg press, into their training routine. These exercises can help strengthen muscles, improve flexibility, and reduce the risk of common injuries like shin splints or knee ligament sprains.

• **Listen to Your Body**: Athletes should pay attention to their body's signals, whether it's pain, fatigue, or discomfort. If an athlete experiences any pain or symptoms that are not normal for their sport, they should stop training and consult with a medical professional or sports trainer before returning to competition.

• **Maintain Proper Hydration and Nutrition**: Adequate hydration is essential for athletes to perform at optimal levels. Athletes should drink plenty of water throughout the day, aiming for at least 8-10 glasses per day, and fuel their bodies with a balanced diet that includes complex carbohydrates, lean proteins, and healthy fats. Proper nutrition can help support muscle function, repair and recovery, and overall athletic performance.

",Good overall answer with minor issues.,4.4,4.2,3.9
2025-12-09T04:57:51,2,structured,3,Why nutrition matters for athletes.,"
You are an assistant describing sports nutrition.

Context:
This document explains basic ideas in sports performance. 
It discusses the difference between endurance training and strength training, 
how athletes try to prevent injuries, and why nutrition and hydration matter.
It also covers recovery methods such as rest, stretching, and ice baths,
explains how overtraining can hurt performance, and highlights the role of
teamwork and communication in team sports like soccer and basketball.

Task:
Answer the question ""Why is nutrition important for athletes?""
in VALID JSON with this structure:

{
  ""main_reason"": """",
  ""key_nutrients"": ["""", """", """"],
  ""common_mistakes"": ["""", """"]
}

Do not add extra fields or comments. Just return the JSON object.
","```
{
  ""main_reason"": ""Maintaining optimal energy stores and supporting muscle function"",
  ""key_nutrients"": [
    ""Carbohydrates"",
    ""Protein"",
    ""Healthy fats""
  ],
  ""common_mistakes"": [
    ""Not consuming enough calories for individual needs"",
    ""Inadequate hydration"",
    ""Poor carbohydrate digestion""
  ]
}
```

",Good overall answer with minor issues.,3.7,4.7,3.9
2025-12-09T04:58:42,2,structured,4,How teamwork helps a soccer team.,"
You are an assistant explaining teamwork in soccer.

Context:
This document explains basic ideas in sports performance. 
It discusses the difference between endurance training and strength training, 
how athletes try to prevent injuries, and why nutrition and hydration matter.
It also covers recovery methods such as rest, stretching, and ice baths,
explains how overtraining can hurt performance, and highlights the role of
teamwork and communication in team sports like soccer and basketball.

Task:
Explain how teamwork and communication help a soccer team perform better.
Write the answer as a numbered list of 4–6 short points.
","Here are 6 key points on how teamwork and communication help a soccer team perform better:

1. **Coordination of Play**: When teammates work together, they can cover more ground, intercept passes, and create scoring opportunities more effectively. This coordination leads to more accurate passing, dribbling, and shooting.

2. **Better Decision Making**: Teammates can provide each other with important information about the game situation, such as opponents' strengths and weaknesses, which helps make informed decisions on when to push forward or defend.

3. **Reduced Individual Workload**: When players work together, they can share responsibilities, allowing them to conserve energy for more critical moments in the game. This reduces the risk of fatigue and injury.

4. **Improved Adaptability**: Teamwork enables players to adapt quickly to changing situations on the field, such as an opponent's change in strategy or a shift in the game's tempo.

5. **Enhanced Communication**: Effective communication among teammates allows them to coordinate their efforts, anticipate each other's movements, and respond swiftly to opponents' actions.

6. **Boosted Team Morale and Performance**: When players work together harmoniously, they can build trust, confidence, and a sense of camaraderie – all of which contribute to improved team performance on the field.

",Good overall answer with minor issues.,3.8,4.1,4.2
2025-12-09T04:59:11,2,structured,5,"Compare rest, stretching, and ice baths.","
You are an assistant comparing recovery methods for athletes.

Context:
This document explains basic ideas in sports performance. 
It discusses the difference between endurance training and strength training, 
how athletes try to prevent injuries, and why nutrition and hydration matter.
It also covers recovery methods such as rest, stretching, and ice baths,
explains how overtraining can hurt performance, and highlights the role of
teamwork and communication in team sports like soccer and basketball.

Task:
Create a table comparing rest, stretching, and ice baths as recovery methods.
Use columns: Method, How it helps, When it is most useful.
Return the table as plain text (Markdown).
","| Method | How it helps | When it is most useful |
| --- | --- | --- |
| Rest | Allows for tissue repair, reduces muscle soreness, improves mental clarity | After intense or long-duration exercise, 1-2 days off from training and competition |
| Stretching | Improves flexibility, reduces muscle stiffness, enhances range of motion | Daily stretching routine to maintain flexibility and prevent injury |
| Ice Baths | Reduces inflammation, eases muscle cramps, relieves soreness | 15-20 minutes, after intense or long-duration exercise or during periods of increased activity |

Note: These are general guidelines and individual results may vary.

",Good overall answer with minor issues.,4.1,4.4,4.2
2025-12-09T05:00:58,3,few-shot,1,"What is endurance training, and why is it important for athletes?","
You are answering questions about sports training in a clear and simple style.

Context:
This document explains basic ideas in sports performance. 
It discusses the difference between endurance training and strength training, 
how athletes try to prevent injuries, and why nutrition and hydration matter.
It also covers recovery methods such as rest, stretching, and ice baths,
explains how overtraining can hurt performance, and highlights the role of
teamwork and communication in team sports like soccer and basketball.

Example 1
Question: What is a warm-up in sports?
Answer: A warm-up is a short period of light activity before exercise or a game. 
It slowly increases heart rate, warms up the muscles, and prepares the body to 
move safely and quickly.

Example 2
Question: What is a cool-down in sports?
Answer: A cool-down is light movement and stretching after exercise. 
It helps the body return to a resting state, reduces muscle stiffness, and can 
lower the risk of soreness.

Now answer in the same style.

Question: What is endurance training, and why is it important for athletes?
Answer:","Endurance training is an essential part of sports performance. It involves activities that challenge the body to use oxygen longer than any other type of exercise, such as distance running or cycling.

Why is endurance training important? Well, when you engage in high-intensity activities, your muscles and cardiovascular system work together to provide energy. To do this efficiently, they need to be highly trained and adapted over time. Endurance training helps build the stamina needed for prolonged periods of activity. It also improves blood flow and increases the efficiency with which oxygen is delivered to the muscles.

In endurance sports like distance running or triathlon racing, athletes typically engage in regular long-distance training to build up their aerobic capacity. This allows them to perform at a higher level without becoming exhausted too quickly. Endurance training can be incorporated into any type of exercise routine, and it's especially important for athletes who participate in multi-day competitions.

Remember, endurance training is all about gradual progress over time. It's not about pushing yourself to the limit right now, but rather building up your body over weeks or months to ensure you're ready for the demands of competition.

","Excellent answer: accurate, complete, and very clear.",5,4.6,4.8
2025-12-09T05:01:24,3,few-shot,2,"What is recovery in sports, and why is it important after a game?","
You answer questions about sports using this pattern:
1) A short definition in one sentence
2) One real-life example

Context:
This document explains basic ideas in sports performance. 
It discusses the difference between endurance training and strength training, 
how athletes try to prevent injuries, and why nutrition and hydration matter.
It also covers recovery methods such as rest, stretching, and ice baths,
explains how overtraining can hurt performance, and highlights the role of
teamwork and communication in team sports like soccer and basketball.

Example 1
Question: What is strength training?
Answer: Strength training is exercise that makes muscles stronger by using 
resistance like weights or body weight. For example, a basketball player 
might do squats and lunges in the gym to jump higher and be more powerful 
on the court.

Example 2
Question: What is flexibility training?
Answer: Flexibility training focuses on stretching muscles and improving the 
range of motion in joints. For example, a gymnast may stretch daily to move 
more freely and perform complex routines without injury.

Now answer in the same style.

Question: What is recovery in sports, and why is it important after a game?
Answer:","1) Recovery in sports refers to the process of repairing and regenerating tissues damaged during physical activity.
2) Example: After a rowing competition, an elite rower may take time off from intense exercise to allow their muscles to rest and rebuild.

3) Why is recovery important after a game?
Answer: To prevent overuse injuries and maintain optimal performance levels for the next competition.

","Excellent answer: accurate, complete, and very clear.",4.7,5,5
2025-12-09T05:04:08,4,chain-of-thought,1,Why can overtraining hurt an athlete’s performance?,"
You are a reasoning assistant.

Context:
This document explains basic ideas in sports performance. 
It discusses the difference between endurance training and strength training, 
how athletes try to prevent injuries, and why nutrition and hydration matter.
It also covers recovery methods such as rest, stretching, and ice baths,
explains how overtraining can hurt performance, and highlights the role of
teamwork and communication in team sports like soccer and basketball.

Question:
Why can overtraining hurt an athlete’s performance, even if they are training very hard?

Think step by step:
1. List the physical effects of overtraining.
2. List the mental effects of overtraining.
3. Explain how these effects lead to worse performance in games.
Finally, give a short summary answer in 2–3 sentences.
","To address your question, here's a step-by-step analysis:

1. Physical Effects of Overtraining:
- Fatigue: Athletes feel exhausted and tired, which can impair their ability to perform at a high level.
- Decreased Muscle Mass: Prolonged overtraining leads to muscle atrophy as the body's energy stores are depleted and muscles begin to break down for recovery.
- Insulin Resistance: Overtraining causes blood sugar levels to drop, leading to insulin resistance, which can affect athletic performance.

2. Mental Effects of Overtraining:
- Anxiety and Stress: Athletes may experience high levels of stress, anxiety, or worry about their performance, affecting their mental well-being and decision-making abilities.
- Decreased Motivation: Prolonged overtraining can lead athletes to feel demotivated, which affects their willingness to train hard and push themselves during competition.

3. How these effects lead to worse performance in games:
- Overtrained athletes may struggle with decision-making and reaction time due to decreased focus and mental clarity.
- They might also experience reduced speed and agility as a result of fatigue and decreased muscle mass.
- Additionally, overtraining can affect an athlete's confidence, leading them to doubt their abilities or make mistakes under pressure.

4. Summary:
Overtraining can hurt an athlete's performance even if they're training very hard due to the physical effects of exhaustion, reduced muscle mass, and impaired mental function. These negative impacts on fatigue, motivation, decision-making, reaction time, speed, and confidence all contribute to a decline in athletic ability during competition.

5. Final Answer:
Overtraining can have detrimental effects on an athlete's performance because it can lead to a range of physical and mental impairments that affect their focus, decision-making, and overall physical capabilities.

",Mostly correct but missing important details.,3.7,2.5,2.7
2025-12-09T05:06:11,4,chain-of-thought,2,How can poor communication reduce a soccer team's performance?,"
You are a reasoning assistant.

Context:
This document explains basic ideas in sports performance. 
It discusses the difference between endurance training and strength training, 
how athletes try to prevent injuries, and why nutrition and hydration matter.
It also covers recovery methods such as rest, stretching, and ice baths,
explains how overtraining can hurt performance, and highlights the role of
teamwork and communication in team sports like soccer and basketball.

Scenario:
A soccer team has very skilled players, but they lose many games because they 
do not communicate well on the field.

Question:
How can poor communication reduce the team’s performance, even if individual players are talented?

Reason step by step:
1. Identify several ways communication affects team play (positioning, passing, defending, etc.).
2. Explain each point with a short example.
3. End with a brief summary of why communication is critical.
","To answer this question, let's break it down into steps to understand how poor communication can impact the soccer team's performance:

**1. Positioning:**
Poor communication can lead to miscommunication about player positions on the field. For example, one player might think they're in a specific position (e.g., winger) when they're actually in another role. This confusion can cause players to make mistakes by not anticipating each other's movements.

**Example:** In a 3-4-3 formation, if defenders mark the center forward as a target man, but they're also responsible for covering the winger, communication breaks down, and the winger makes it difficult for the defender to track their opponent. This mistake costs time and energy on both sides of the pitch.

**2. Passing:**
Communication plays a crucial role in passing. Players need to understand who is receiving passes and how to direct them effectively. If players don't communicate about which player should receive the pass, they might end up with a long ball or no one receives it at all.

**Example:** In a 4-2-3 formation, if defenders mark the center forward as a target man, but they also need to pass to the right midfielder who is supposed to be on a deeper run. If communication breaks down, the defender might try to pass directly to the center forward instead of calling for a longer pass to the right midfielder. This can lead to confusion and wasted time.

**3. Defending:**
Good communication among defenders helps them work together as a cohesive unit to defend against opponents' attacks. Players need to know who is responsible for tackling, winning the ball back, or supporting their teammates in defense.

**Example:** In a 4-2-3 formation, if defenders are marked by their opponent's target man and they also have to cover the left midfielder who is supposed to be on a deeper run, communication breaks down. The defender might not notice that the left midfielder has beaten him, allowing the opponent's target man to score.

**4. Other aspects:**
Poor communication can extend beyond these basic aspects of play to affect strategy and tactics. Players need to understand their roles in set pieces (e.g., corners or free kicks), and they must communicate effectively with each other during the match.

**Example:** In a 3-5-2 formation, if defenders mark the center back as a target man who is supposed to be on a deeper run, but they don't receive any instructions from their teammates about what to do when corners are awarded. This can result in the defender being left alone to defend without support or instructions.

**Brief Summary:**
Poor communication among soccer players can significantly reduce their team's performance because it leads to misunderstandings, mistakes, and misdirection on the field. Effective communication is crucial for coordinating player positions, passing, defending, and other aspects of play. By improving communication, teams can work together more efficiently and effectively, ultimately enhancing their chances of winning matches.

**Why Communication Matters:**
Communication is critical in sports because it helps players understand each other's roles, expectations, and strategies. It allows them to coordinate their efforts and execute tactics successfully. When communication breaks down, mistakes are made, and the team's performance suffers. By prioritizing effective communication, teams can improve their overall performance and achieve better results on the field.

",Good overall answer with minor issues.,4,3.1,3.2
2025-12-09T05:07:43,4,chain-of-thought,3,How should training differ for a marathon runner and a sprinter?,"
You are helping a coach design training programs.

Context:
This document explains basic ideas in sports performance. 
It discusses the difference between endurance training and strength training, 
how athletes try to prevent injuries, and why nutrition and hydration matter.
It also covers recovery methods such as rest, stretching, and ice baths,
explains how overtraining can hurt performance, and highlights the role of
teamwork and communication in team sports like soccer and basketball.

Question:
How should training be different for a marathon runner and a sprinter?

Think step by step:
1. Describe the main demands of a marathon (distance, time, energy systems).
2. Describe the main demands of a sprint race.
3. Explain how these demands change the focus of training 
   (endurance vs power, type of workouts, recovery).
4. Finish with a short comparison summary of the two training plans.
","Here's a step-by-step response:

1. **Describe the main demands of a marathon:**
A marathon runner requires sustained efforts over a long distance (42.2 km/26.2 miles) over a prolonged period, which demands significant endurance and energy systems. Marathon runners need to develop anaerobic capacity, muscular power, and cardiovascular stamina to perform at their best.

2. **Describe the main demands of a sprint race:**
A sprinter requires explosive bursts of speed, rapid changes in direction, and quick recovery between efforts. Sprinters need to develop fast-twitch muscle fibers and excellent neuromuscular coordination to achieve high velocities (typically 20-30% of top speed). Sprints also require excellent power output and speed endurance.

3. **Explain how these demands change the focus of training:**
Marathon runners typically train with a more focused emphasis on building anaerobic capacity, cardiovascular fitness, and long-duration running. Sprinters, on the other hand, need to prioritize building explosive power, speed endurance, and muscle strength for short, intense efforts. Training programs often shift from endurance-focused workouts (e.g., hill repeats or steady-state runs) to sprint-specific interval training, tempo runs, or hill sprints.

4. **Finish with a comparison summary of the two training plans:**

**Training Plan Comparison Summary:**

* Marathon Runners:
	+ Focus: Endurance (anaerobic capacity), cardiovascular fitness
	+ Workout Structure: Long duration, moderate intensity
	+ Recovery: Sustained effort over 2-4 weeks, followed by 1-2 rest days
	+ Specific Training Goals: Improve anaerobic endurance, increase lactate threshold
* Sprinters:
	+ Focus: Power (fast-twitch muscle fibers), speed endurance
	+ Workout Structure: High-intensity interval training (HIIT), tempo runs, hill sprints
	+ Recovery: Rest and recovery strategies, including nutrition and hydration
	+ Specific Training Goals: Improve explosive power, increase speed endurance

In summary, marathon runners need to focus on building endurance capacity over long distances with moderate intensity, while sprinters require a stronger emphasis on developing powerful muscles for short, intense efforts. The training structure and recovery strategies differ significantly between the two groups, reflecting their distinct physiological demands and performance requirements.

",Mostly correct but missing important details.,3.4,2.9,3
2025-12-09T05:09:01,4,chain-of-thought,4,Why is a player's current eating pattern a problem?,"
You are a reasoning assistant.

Context:
This document explains basic ideas in sports performance. 
It discusses the difference between endurance training and strength training, 
how athletes try to prevent injuries, and why nutrition and hydration matter.
It also covers recovery methods such as rest, stretching, and ice baths,
explains how overtraining can hurt performance, and highlights the role of
teamwork and communication in team sports like soccer and basketball.

Scenario:
A basketball player often feels tired in the second half of games. 
They usually skip breakfast and eat a heavy meal right before playing.

Question:
Based on what you know about sports nutrition, why might this be a problem, 
and what changes could help?

Think step by step:
1. Identify issues with their current eating pattern.
2. Connect those issues to energy levels and performance.
3. Suggest a better pre-game nutrition plan in simple steps.
","I'd be happy to help the basketball player.

**Step 1: Identify issues with their current eating pattern**

The basketball player is skipping breakfast, which means they might not have eaten enough complex carbohydrates (e.g., whole grains, fruits, and vegetables) to provide sustained energy for the game. Additionally, consuming a heavy meal before playing may lead to digestive discomfort, stomach pain, or even nausea during the game.

**Step 2: Connect those issues to energy levels and performance**

Skipping breakfast can cause a rapid spike in blood sugar followed by a crash, leading to energy crashes during the game. This can result in decreased focus, reduced decision-making speed, and increased fatigue. As a result, the player's overall performance might suffer.

**Step 3: Suggest a better pre-game nutrition plan**

A more effective pre-game nutrition plan for this basketball player could be:

1. **Eat a balanced breakfast**: Focus on complex carbohydrates, lean protein (e.g., eggs, Greek yogurt), and healthy fats to provide sustained energy.
2. **Avoid heavy meals before games**: Try to finish eating at least 2-3 hours before the game to allow for digestion.
3. **Choose easy-to-digest foods**: Opt for low-fiber or easily digestible options like bananas, avocados, or whole-grain toast with avocado.
4. **Stay hydrated**: Drink plenty of water and consider a sports drink (1-2 weeks prior) to replenish lost electrolytes.

**Simple steps to implement:**

* Plan out your meals 1-2 days before the game
* Pack a pre-game meal or snacks, such as energy bars, fruits, and nuts
* Aim for 300-400 calories and 20-30 grams of protein
* Stay hydrated by drinking water throughout the day

By making these changes, the basketball player can improve their energy levels, reduce fatigue during the game, and perform at their best.

",Good overall answer with minor issues.,3.8,3.1,3.1
